<?xml version="1.0" encoding="UTF-8"?>
<project-private xmlns="http://www.netbeans.org/ns/project-private/1">
    <editor-bookmarks xmlns="http://www.netbeans.org/ns/editor-bookmarks/2" lastBookmarkId="0"/>
    <open-files xmlns="http://www.netbeans.org/ns/projectui-open-files/2">
        <group>
            <file>file:/C:/Users/SHAFAQUE%20RAHMAN/Documents/NetBeansProjects/LibraryManagement/src/librarymanagement/LibraryManagement.java</file>
            <file>file:/C:/Users/SHAFAQUE%20RAHMAN/Documents/NetBeansProjects/LibraryManagement/src/librarymanagement/Demo.java</file>
            <file>file:/C:/Users/SHAFAQUE%20RAHMAN/Documents/NetBeansProjects/LibraryManagement/src/librarymanagement/IssueBook.java</file>
            <file>file:/C:/Users/SHAFAQUE%20RAHMAN/Documents/NetBeansProjects/LibraryManagement/src/librarymanagement/BookInfo.sql</file>
            <file>file:/C:/Users/SHAFAQUE%20RAHMAN/Documents/NetBeansProjects/LibraryManagement/src/librarymanagement/Admin.java</file>
            <file>file:/C:/Users/SHAFAQUE%20RAHMAN/Documents/NetBeansProjects/LibraryManagement/src/librarymanagement/ViewIssuedBook.java</file>
        </group>
    </open-files>
</project-private>
